source,target,value
azure,.net,20.933192346640457
sql-server,.net,32.322524219339904
asp.net,.net,48.40702996199019
entity-framework,.net,24.37090250532431
wpf,.net,32.35092522005943
linq,.net,20.501743858149066
wcf,.net,28.074400427611113
c#,.net,62.167895042923824
tdd,agile,37.146589924204555